{
  "best_model": "linear_svm",
  "threshold": 0.6,
  "accuracy": 0.9893111638954869,
  "precision": 0.9860576923076924,
  "recall": 0.99225931301403,
  "f1": 0.9891487822522306,
  "confusion_matrix": [
    [
      2114,
      29
    ],
    [
      16,
      2051
    ]
  ],
  "classification_report": {
    "ham": {
      "precision": 0.9924882629107982,
      "recall": 0.9864675688287448,
      "f1-score": 0.9894687573133629,
      "support": 2143.0
    },
    "spam": {
      "precision": 0.9860576923076924,
      "recall": 0.99225931301403,
      "f1-score": 0.9891487822522306,
      "support": 2067.0
    },
    "accuracy": 0.9893111638954869,
    "macro avg": {
      "precision": 0.9892729776092453,
      "recall": 0.9893634409213874,
      "f1-score": 0.9893087697827967,
      "support": 4210.0
    },
    "weighted avg": {
      "precision": 0.9893310207643328,
      "recall": 0.9893111638954869,
      "f1-score": 0.9893116579187404,
      "support": 4210.0
    }
  }
}