model,accuracy,precision,recall,f1
logistic_regression,0.9869358669833729,0.9781368821292775,0.9956458635703919,0.9868137137377128
linear_svm,0.9902612826603325,0.9865513928914506,0.9937106918238994,0.990118100747168
random_forest,0.976959619952494,0.9659413434247871,0.9879051765844219,0.9767998086582157
