{
  "best_model": "linear_svm",
  "accuracy": 0.9894886869766614,
  "precision": 0.9838478104809764,
  "recall": 0.9949183303085299,
  "f1": 0.9893521025085724,
  "confusion_matrix": [
    [
      2813,
      45
    ],
    [
      14,
      2741
    ]
  ]
}