model,accuracy,precision,recall,f1
logistic_regression,0.9853910564760378,0.9757920968316127,0.9949183303085299,0.9852624011502517
linear_svm,0.9894886869766614,0.9838478104809764,0.9949183303085299,0.9893521025085724
