{
  "best_model": "naive_bayes",
  "accuracy": 0.9818181818181818,
  "precision": 0.9925733382844412,
  "recall": 0.9702359346642468,
  "f1": 0.9812775330396476,
  "confusion_matrix": [
    [
      2835,
      20
    ],
    [
      82,
      2673
    ]
  ]
}