model,accuracy,precision,recall,f1
naive_bayes,0.9818181818181818,0.9925733382844412,0.9702359346642468,0.9812775330396476
logistic_regression,0.9800356506238859,0.965480803099683,0.9949183303085299,0.9799785484447623
