{
  "best_model": "logistic_regression",
  "accuracy": 0.9857456140350878,
  "precision": 0.9828525083999536,
  "recall": 0.989963823083207,
  "f1": 0.9863953488372093,
  "confusion_matrix": [
    [
      7699,
      148
    ],
    [
      86,
      8483
    ]
  ]
}