model,accuracy,precision,recall,f1
naive_bayes,0.9770346003898636,0.9887828162291169,0.9669739759598553,0.9777567998111983
logistic_regression,0.9857456140350878,0.9828525083999536,0.989963823083207,0.9863953488372093
